<?xml version="1.0" encoding="UTF-8"?>
<project-private xmlns="http://www.netbeans.org/ns/project-private/1">
    <editor-bookmarks xmlns="http://www.netbeans.org/ns/editor-bookmarks/2" lastBookmarkId="0"/>
    <open-files xmlns="http://www.netbeans.org/ns/projectui-open-files/2">
        <group>
            <file>file:/C:/xampp/htdocs/ria_app/app/config/routing.yml</file>
            <file>file:/C:/xampp/htdocs/ria_app/public/js/app.js</file>
            <file>file:/C:/xampp/htdocs/ria_app/public/css/app.css</file>
            <file>file:/C:/xampp/htdocs/ria_app/public/js/services.js</file>
            <file>file:/C:/xampp/htdocs/ria_app/vendor/symfony/symfony/src/Symfony/Component/HttpFoundation/Response.php</file>
            <file>file:/C:/xampp/htdocs/ria_app/app/autoload.php</file>
            <file>file:/C:/xampp/htdocs/ria_app/public/views/articles.html</file>
            <file>file:/C:/xampp/htdocs/ria_app/src/App/MainBundle/Resources/config/routing.yml</file>
            <file>file:/C:/xampp/htdocs/ria_app/src/App/MainBundle/Resources/config/services.yml</file>
            <file>file:/C:/xampp/htdocs/ria_app/src/App/MainBundle/Controller/ArticleController.php</file>
            <file>file:/C:/xampp/htdocs/ria_app/app/AppKernel.php</file>
            <file>file:/C:/xampp/htdocs/ria_app/src/App/MainBundle/Entity/Article.php</file>
            <file>file:/C:/xampp/htdocs/ria_app/index.html</file>
            <file>file:/C:/xampp/htdocs/ria_app/src/App/MainBundle/Entity/ArticleRepository.php</file>
            <file>file:/C:/xampp/htdocs/ria_app/public/constant/menu.html</file>
            <file>file:/C:/xampp/htdocs/ria_app/vendor/symfony/symfony/src/Symfony/Component/HttpFoundation/JsonResponse.php</file>
            <file>file:/C:/xampp/htdocs/ria_app/public/js/controllers/articles.js</file>
            <file>file:/C:/xampp/htdocs/ria_app/public/views/home.html</file>
        </group>
    </open-files>
</project-private>
